light_584351_0_off.png,light_584351_0_on.png,291,108
light_584351_1_off.png,light_584351_1_on.png,341,107
light_584351_2_off.png,light_584351_2_on.png,359,144
light_584351_3_off.png,light_584351_3_on.png,313,182
light_584351_4_off.png,light_584351_4_on.png,310,181
light_584351_5_off.png,light_584351_5_on.png,357,212
light_584351_6_off.png,light_584351_6_on.png,338,231
light_584351_7_off.png,light_584351_7_on.png,328,263
light_584351_8_off.png,light_584351_8_on.png,338,274
light_584351_9_off.png,light_584351_9_on.png,324,311
light_584351_10_off.png,light_584351_10_on.png,359,343
light_584351_11_off.png,light_584351_11_on.png,362,364
light_584351_12_off.png,light_584351_12_on.png,348,309
light_584351_13_off.png,light_584351_13_on.png,,
light_584351_14_off.png,light_584351_14_on.png,285,311
light_584351_15_off.png,light_584351_15_on.png,,
light_584351_16_off.png,light_584351_16_on.png,308,371
light_584351_17_off.png,light_584351_17_on.png,327,332
light_584351_18_off.png,light_584351_18_on.png,292,300
light_584351_19_off.png,light_584351_19_on.png,313,281
light_584351_20_off.png,light_584351_20_on.png,320,265
light_584351_21_off.png,light_584351_21_on.png,310,243
light_584351_22_off.png,light_584351_22_on.png,285,219
light_584351_23_off.png,light_584351_23_on.png,285,193
light_584351_24_off.png,light_584351_24_on.png,290,162
light_584351_25_off.png,light_584351_25_on.png,317,137
light_584351_26_off.png,light_584351_26_on.png,270,127
light_584351_27_off.png,light_584351_27_on.png,262,102
light_584351_28_off.png,light_584351_28_on.png,272,140
light_584351_29_off.png,light_584351_29_on.png,273,170
light_584351_30_off.png,light_584351_30_on.png,216,188
light_584351_31_off.png,light_584351_31_on.png,266,216
light_584351_32_off.png,light_584351_32_on.png,252,256
light_584351_33_off.png,light_584351_33_on.png,214,278
light_584351_34_off.png,light_584351_34_on.png,218,308
light_584351_35_off.png,light_584351_35_on.png,207,326
light_584351_36_off.png,light_584351_36_on.png,243,362
light_584351_37_off.png,light_584351_37_on.png,207,379
light_584351_38_off.png,light_584351_38_on.png,,
light_584351_39_off.png,light_584351_39_on.png,,
light_584351_40_off.png,light_584351_40_on.png,155,335
light_584351_41_off.png,light_584351_41_on.png,199,308
light_584351_42_off.png,light_584351_42_on.png,207,274
light_584351_43_off.png,light_584351_43_on.png,160,266
light_584351_44_off.png,light_584351_44_on.png,165,230
light_584351_45_off.png,light_584351_45_on.png,173,206
light_584351_46_off.png,light_584351_46_on.png,194,176
light_584351_47_off.png,light_584351_47_on.png,215,144
light_584351_48_off.png,light_584351_48_on.png,236,117
light_584351_49_off.png,light_584351_49_on.png,166,98
